Date,EEM,FM,SPY
2014-01-31,-0.08637203052571618,0.0017697211343126185,-0.03525634612330686
2014-02-28,0.033742676150968265,0.033396173963893494,0.04547945308086487
2014-03-31,0.038730557019403644,0.03776632193880691,0.008272365755253697
2014-04-30,0.00778590444000038,0.02563875006309413,0.0069351363294638535
2014-05-31,0.029493769372928913,0.0459673030415515,0.023180774660385595
2014-06-30,0.02400115869116637,-0.05151856859338466,0.02062860307156167
2014-07-31,0.013633141927491765,0.06707648058247129,-0.01345246369919395
2014-08-31,0.02828252449416757,-0.0091083248068754,0.03944836091972315
2014-09-30,-0.07768508881016978,-0.007876238241508515,-0.013807034751015856
2014-10-31,0.014193585003943188,-0.04017198540732925,0.023548627995065408
2014-11-30,-0.015424896351572293,-0.04667269350197645,0.027467722061469413
2014-12-31,-0.03966621909381607,-0.021056868127360184,-0.0025674346124541225
2015-01-31,-0.006876394726312185,-0.0295496888039416,-0.029633653161572626
2015-02-28,0.04407336623690905,0.024081777236683255,0.05619804688931773
2015-03-31,-0.014993869718336827,-0.028443035876904665,-0.01572677592342342
2015-04-30,0.06852312204769562,0.04236281859321789,0.00982982794484255
2015-05-31,-0.04104735918321423,-0.03548640097836986,0.012853769849546559
2015-06-30,-0.02931670353499749,-0.0005832850698845871,-0.020320421268150257
2015-07-31,-0.06314827297435355,-0.06325299498640313,0.022541039237729876
2015-08-31,-0.08836413497252227,-0.03391938333383249,-0.060952867891713614
2015-09-30,-0.0313279101856937,-0.05096672549895542,-0.02552012347266064
2015-10-31,0.06370148626681904,0.0635869747247797,0.08500336813145437
2015-11-30,-0.025377846923593572,-0.055863307060885825,0.003513092311749455
2015-12-31,-0.03832196640047747,-0.01104715155923408,-0.01740545163285212
2016-01-31,-0.050575674216151945,-0.07819236194151669,-0.05003625261377198
2016-02-29,-0.008434342463217614,0.041573574622812526,-0.0010821386403496724
2016-03-31,0.12945680565405637,0.027442789079338947,0.0671053159054813
2016-04-30,0.0039269815543159226,0.02344528964187842,0.003780276856578002
2016-05-31,-0.037164909360397624,0.021633449761381263,0.016776409453739705
2016-06-30,0.04538460973838543,-0.027510289407554178,0.0032693821972418213
2016-07-31,0.053641793342626976,0.024708489826454683,0.036271631595109266
2016-08-31,0.008570845802875482,-0.03293576149522737,0.0009309317646395421
2016-09-30,0.024968683262121205,0.05744413058799447,-0.00015845619161214408
2016-10-31,-0.008523369129023406,-0.03568162640407824,-0.01758243665983683
2016-11-30,-0.04454608219490108,-0.0040224078775759065,0.03644931532678708
2016-12-31,-0.002926264920032118,0.007545749361283383,0.019872719580468212
2017-01-31,0.06613682276982247,0.11065069026563834,0.017478881396749024
2017-02-28,0.01697322426618597,-0.0218038323140618,0.03885664091243557
2017-03-31,0.03623861175180587,0.026033967942725278,0.0006370884832338497
2017-04-30,0.01636146187278964,0.034680416453301,0.009278631610805776
2017-05-31,0.027669085344853794,0.005130769640003141,0.013324675025675026
2017-06-30,0.00844252004410162,-0.0021386574871391506,0.005550991811179573
2017-07-31,0.057353484628985374,0.023619498772145864,0.019680743997414263
2017-08-31,0.022704794516935856,0.035049403512103394,0.0021065069882584275
2017-09-30,-0.0012988744398979568,0.03211771245572215,0.019296777650051
2017-10-31,0.03187426799546711,0.010240568824021468,0.022633018869727684
2017-11-30,-0.004915190711215378,0.03338062859641355,0.02954009110089073
2017-12-31,0.03649309062169803,0.021942444778777714,0.011005783700651639
2018-01-31,0.08179588859554432,0.06524121969420715,0.05517483222124442
2018-02-28,-0.060323419491252084,-0.025687510777048006,-0.037698562532579416
2018-03-31,0.004033442945173826,0.017481589528784536,-0.028791700192532743
2018-04-30,-0.029626564236839736,-0.05215530985882577,0.0037107570065202378
2018-05-31,-0.027760017118649283,-0.09455445141111773,0.022763819413679
2018-06-30,-0.04701007816425884,-0.02275975707260247,0.004197484465300549
2018-07-31,0.03367092327399801,0.02994693589376518,0.035407512627647186
2018-08-31,-0.039369184586380834,-0.06158887057113327,0.030223424716699032
2018-09-30,-0.007565547339686285,0.016121392147352198,0.004171124128360404
2018-10-31,-0.08948340142321565,-0.05005066547237069,-0.07098297850806312
2018-11-30,0.04712628490500803,0.017675626987797566,0.016645601306132685
2018-12-31,-0.036785598844574996,-0.0431824114545204,-0.08994497921999056
2019-01-31,0.10150092862725058,0.07952375747565932,0.07813628202423728
2019-02-28,-0.017277488253599205,0.005107802932034833,0.030451091400499175
2019-03-31,0.009390577611441797,-0.0026220088291617483,0.01618116932825675
2019-04-30,0.021579771418293037,-0.0061685012362054925,0.03889997567424164
2019-05-31,-0.07518932032671177,0.011164456311475002,-0.06566210465794453
2019-06-30,0.06039704442968663,0.05826270338739481,0.06790592344294821
2019-07-31,-0.02824338309494845,0.0003495474771768592,0.013443434748736438
2019-08-31,-0.039422884813189896,-0.029898638943831823,-0.018339743396105113
2019-09-30,0.01545631984626139,-0.0257351689598021,0.017994588987332083
2019-10-31,0.040600229451261294,0.0033800611154342075,0.020864702176046634
2019-11-30,-0.0022136896912158255,0.032683951015739066,0.03492386511006096
2019-12-31,0.07605701622519945,0.042488429793353655,0.027809946344265812
2020-01-31,-0.06276055230281508,0.007646532906927739,-0.0016537588591162278
2020-02-29,-0.03877761781197919,-0.10389315844431046,-0.08018505900505479
2020-03-31,-0.15772485706409578,-0.2228136256556844,-0.12489613123508736
2020-04-30,0.0734674077809796,0.06222021474009409,0.12690805689261264
2020-05-31,0.029642139693012437,0.03957590438337788,0.0475392770873968
2020-06-30,0.06593686808663834,0.05447854054264312,0.017621775030070452
2020-07-31,0.08245130120436484,-0.015771482712298557,0.05882309954961995
2020-08-31,0.028795852375695485,0.07212920274642753,0.0697175695879455
2020-09-30,-0.010174014188863434,0.0018867249387524154,-0.037514415840409154
2020-10-31,0.013992824544784677,0.02689457903313297,-0.02500260726535286
2020-11-30,0.0898503876759289,0.03494518237741251,0.10871443970693018
2020-12-31,0.0712404412504386,0.049298127444228124,0.036994238346904185
2021-01-31,0.031699977250635,0.022182072500224193,-0.010230524854663359
2021-02-28,0.00784929247937649,-0.004169806719828695,0.02777637943686817
2021-03-31,-0.0072694285638401634,0.02181875733289007,0.045388414895143114
2021-04-30,0.011996001276566304,0.04543645009244157,0.052907838751684366
2021-05-31,0.01648076292812739,0.04248449006319954,0.006559428967969572
2021-06-30,0.009471019768756861,0.04837714172754537,0.022394263448044294
2021-07-31,-0.06440342564694967,-0.009975929247160176,0.024379114987081785
2021-08-31,0.01566441375546712,0.039832733029469436,0.029726688372647914
2021-09-30,-0.03875636017180695,-0.00763226273176032,-0.0466290037778373
2021-10-31,0.010678366314059495,0.06601710817428286,0.07012353266382254
2021-11-30,-0.0408882425545124,-0.05204533400050371,-0.008074802562207495
2021-12-31,0.015043247871057819,0.013286704077680511,0.04622036439311028
2022-01-31,-0.00034870255162988695,-0.01550191180253313,-0.052885404130933567
2022-02-28,-0.04344208916464498,-0.006419768924184166,-0.02975667218308653
2022-03-31,-0.03422100120596894,-0.037721191685894606,0.03718045700027228
2022-04-30,-0.06202205682349782,-0.03112294773512636,-0.08843987216159277
2022-05-31,0.005280802847424937,-0.05129850874126052,0.0014029951347052094
2022-06-30,-0.0529002720929197,-0.08653386548229403,-0.08378402829726395
2022-07-31,-0.005386461155203914,0.011900626118630964,0.09019224131463188
2022-08-31,-0.015615941353275264,0.0002218445416684034,-0.04315443555327192
2022-09-30,-0.1180064362158375,-0.10936194720670245,-0.09505817645249215
2022-10-31,-0.023035766730857388,-0.036518536491099374,0.07802184054093031
2022-11-30,0.15241656209631382,0.11461983563177292,0.0521147232973771
2022-12-31,-0.02985753574860861,-0.032841359001878456,-0.061110749975933465
2023-01-31,0.08756198942264626,0.030427056313782952,0.05915635634107774
2023-02-28,-0.07951967696751228,-0.06458672524692832,-0.028985334762342774
2023-03-31,0.028430887674955274,0.030614435241040017,0.03333492928394799
2023-04-30,-0.012375623861487939,-0.01339138661284578,0.011962168370958537
2023-05-31,-0.02829398662788396,-0.015316919390928385,0.0003448219733492852
2023-06-30,0.03979265145838862,0.04507688097422169,0.06060369389986042
2023-07-31,0.05614292750692007,0.08811354789441816,0.02846177460470778
2023-08-31,-0.07058071043120917,-0.047128002758921594,-0.02056335662336317
2023-09-30,-0.035459248363283624,-0.046087351642434604,-0.05174736521311585
2023-10-31,-0.0372666707678555,-0.05409733811578232,-0.026037263191587612
2023-11-30,0.07366562902978124,0.05623180463045685,0.0870802506738595
2023-12-31,0.03143576534719528,0.023084965197624374,0.04143780009138309
